{"mean": [0.0009460844705069233, 0.0005217458888982035, 0.001886273961664903, 0.0010491730356766127, 0.0028484362833979295, 0.001571762968162253, 0.004851065945670291, 0.0026260927092051855, 0.010033955076949388, 0.0052984526884713124, 0.021375733892370526, 0.010560796777901307, 1.0012016847740652, 1.0028526491506349, 1.0062684490246248, 1.0168986880671342, 1.0012955271260364, 1.0026092719469482, 1.0082251862660252, 53.01138962753819, 52.66876655718947, 52.409684235981786, 0.6682875155377646, 0.4851065933451691, 1.316616480543195, 1.0033955048471093, 2.6122851849802036, 2.137573382872332, 0.9633669245452275, 0.9711757221250648, -0.007808797579836472, -0.007808797579836472, 0.303262672909175, 0.317180611125885, 0.32558641971962415, 15.951666666709341, 15.935837421288072, 15.921979607669254, 0.028797809768616, 0.02867490537960108, 0.5475974180894222, 0.14091759146910274, 32.69275559966132, 0.5677207279429867, 1.01100359076836, 0.39782800783067446, 0.019106207434763524, 0.2554742659469865, 0.28123102055989024, 0.5093265328022523, 0.4545351252059412, 0.5185362866827843, 0.036238185722422434, 0.9227813146553316, -0.014044878135843824], "scale": [0.030538946562009534, 0.028786622350919236, 0.044449617660616544, 0.04005567384650416, 0.05503319357809414, 0.04931261687991191, 0.07465016045322777, 0.06454806860425602, 0.1171060092848407, 0.09227846967943296, 0.1983286703739484, 0.13456234103068213, 0.03176157216190214, 0.05072899768245823, 0.07878256703147749, 0.14295984008763102, 0.026484524003812543, 0.037652538791881886, 0.07512879855483891, 17.110715925436093, 12.64533301695439, 10.862318391341686, 244.76286109280497, 7.465016022094513, 352.72164484157713, 11.710600874893167, 506.21551156353684, 19.832866943001555, 134.0770213192137, 127.59304099961204, 36.83391181945474, 36.83391181945474, 0.37381402924771207, 0.3617839023524334, 0.3522651957673079, 170.11987217662545, 167.48582019286113, 166.2946233424466, 0.03026725590591323, 0.028430154812249624, 0.3264045838241022, 0.16640661142855462, 12.558700878305956, 0.3960032175159778, 0.4006541472392504, 152.28264091916736, 0.5322711147308625, 0.20332357775393872, 0.21128143412426934, 0.49991300821831847, 0.49792865468856123, 0.49965628793803213, 0.8514471744318453, 2.2900634349145537, 0.9803282414252105], "feature_names": ["returns_1d", "log_returns_1d", "returns_2d", "log_returns_2d", "returns_3d", "log_returns_3d", "returns_5d", "log_returns_5d", "returns_10d", "log_returns_10d", "returns_20d", "log_returns_20d", "price_to_sma5", "price_to_sma10", "price_to_sma20", "price_to_sma50", "sma_5_10_cross", "sma_10_20_cross", "sma_20_50_cross", "rsi_7", "rsi_14", "rsi_21", "momentum_5d", "roc_5d", "momentum_10d", "roc_10d", "momentum_20d", "roc_20d", "macd", "macd_signal", "macd_histogram", "macd_cross", "volatility_5d", "volatility_10d", "volatility_20d", "atr_5", "atr_10", "atr_14", "atr_pct_5", "atr_pct_14", "bb_position", "bb_width", "adx_14", "trend_strength", "volume_ratio", "obv_change", "body_ratio", "upper_shadow", "lower_shadow", "higher_high", "lower_low", "higher_close", "skewness", "kurtosis", "zscore"]}