{"mean": [0.0014150870693313987, 0.0008120203581826896, 0.00283815064230092, 0.0016438322102486128, 0.004307813077834246, 0.00246650394630226, 0.007391202762850806, 0.004123681765320144, 0.015437928517047035, 0.00827377268945624, 0.0329145290698077, 0.01623652199032965, 1.0018608321456846, 1.004427074658054, 1.0096598120362186, 1.0253486904163691, 1.0020265921850067, 1.003996179357662, 1.0120337138345659, 53.024713150113016, 52.67603057205695, 52.36077830802466, 3.0553464978183467, 0.7391202741810297, 5.860601809563127, 1.5437928467994717, 10.867892745264855, 3.291452896026695, 3.7220133366408614, 3.639031097384608, 0.08298223925625255, 0.08298223925625255, 0.35659149761503717, 0.373433371617617, 0.3844479446677404, 32.009545972384096, 31.944413096609274, 31.89200452486667, 0.033898290223280926, 0.033676274558199035, 0.5473324283551751, 0.16928878393944727, 33.18104319052988, 0.5643074333496226, 1.011494371429367, 0.6817797958792879, 0.021659565697747424, 0.25719428100374875, 0.27777342509891967, 0.5081935168594234, 0.45039908779931587, 0.5211923766085682, 0.040152946747375934, 1.0432121375527887, -0.009560022791714763], "scale": [0.03676725207722647, 0.03421554047371289, 0.05391777426239985, 0.047610941145152644, 0.06707743041701872, 0.05889918200965115, 0.0920479458860592, 0.0776651253999334, 0.14718212446763665, 0.112326102738338, 0.25265257928978374, 0.16452694415717892, 0.03811094367383793, 0.06187514766719323, 0.09734962055941537, 0.17831476425642184, 0.03204373705004902, 0.04597087314110114, 0.09178229287664863, 17.454928035216916, 13.218339159766918, 11.636811817086947, 342.7384788145985, 9.204794556209633, 494.56691914836813, 14.7182123734858, 704.915485148564, 25.265257801935192, 186.0539152668191, 176.5480147942715, 51.5034990139795, 51.5034990139795, 0.45422366693412997, 0.44034804597560545, 0.428852182502957, 233.9773815988807, 229.97210362121234, 228.12901050812076, 0.036535138672381604, 0.034128300864096274, 0.32917988867732934, 0.20404790501082506, 13.066585902659625, 0.39614700963092897, 0.3919779583547383, 201.5443132261996, 0.5333467378216592, 0.20482101245606069, 0.20979169248809731, 0.49993286177393303, 0.49753366670895754, 0.49955068128637414, 0.8856520820132449, 2.3724607916272884, 0.9780823508630526], "feature_names": ["returns_1d", "log_returns_1d", "returns_2d", "log_returns_2d", "returns_3d", "log_returns_3d", "returns_5d", "log_returns_5d", "returns_10d", "log_returns_10d", "returns_20d", "log_returns_20d", "price_to_sma5", "price_to_sma10", "price_to_sma20", "price_to_sma50", "sma_5_10_cross", "sma_10_20_cross", "sma_20_50_cross", "rsi_7", "rsi_14", "rsi_21", "momentum_5d", "roc_5d", "momentum_10d", "roc_10d", "momentum_20d", "roc_20d", "macd", "macd_signal", "macd_histogram", "macd_cross", "volatility_5d", "volatility_10d", "volatility_20d", "atr_5", "atr_10", "atr_14", "atr_pct_5", "atr_pct_14", "bb_position", "bb_width", "adx_14", "trend_strength", "volume_ratio", "obv_change", "body_ratio", "upper_shadow", "lower_shadow", "higher_high", "lower_low", "higher_close", "skewness", "kurtosis", "zscore"]}